USE JLDB;

SET GLOBAL local_infile = true;
SHOW GLOBAL VARIABLES LIKE 'local_infile';

INSERT INTO GNR_GRP (GNR_GRP_ID, GNR_GRP_NAME, VERSION, IS_DELETED, CREATED_BY, CREATED_AT, UPDATED_BY, UPDATED_AT) VALUES (1000001, 'URI analyze settings', 1, 0, 'data_loader', '2021-07-12 00:00:00', 'data_loader', '2021-07-12 00:00:00');

INSERT INTO GNR_KEY_VAL (GNR_KEY_VAL_ID, GNR_KEY, GNR_VAL, GNR_GRP_ID, ORD_IN_GRP, VERSION, IS_DELETED, CREATED_BY, CREATED_AT, UPDATED_BY, UPDATED_AT) VALUES (1000001, 'urlpattern.exclude.prefix', 'jw/', 1000001, 1, 1, 0, 'data_loader', '2021-07-12 00:00:00', 'data_loader', '2021-07-12 00:00:00');
INSERT INTO GNR_KEY_VAL (GNR_KEY_VAL_ID, GNR_KEY, GNR_VAL, GNR_GRP_ID, ORD_IN_GRP, VERSION, IS_DELETED, CREATED_BY, CREATED_AT, UPDATED_BY, UPDATED_AT) VALUES (1000002, 'urlpattern.exclude.postfix', '.html', 1000001, 2, 1, 0, 'data_loader', '2021-07-12 00:00:00', 'data_loader', '2021-07-12 00:00:00');
INSERT INTO GNR_KEY_VAL (GNR_KEY_VAL_ID, GNR_KEY, GNR_VAL, GNR_GRP_ID, ORD_IN_GRP, VERSION, IS_DELETED, CREATED_BY, CREATED_AT, UPDATED_BY, UPDATED_AT) VALUES (1000003, 'serviceclass.prefix', 'com.remainz.web.service.', 1000001, 3, 1, 0, 'data_loader', '2021-07-12 00:00:00', 'data_loader', '2021-07-12 00:00:00');
INSERT INTO GNR_KEY_VAL (GNR_KEY_VAL_ID, GNR_KEY, GNR_VAL, GNR_GRP_ID, ORD_IN_GRP, VERSION, IS_DELETED, CREATED_BY, CREATED_AT, UPDATED_BY, UPDATED_AT) VALUES (1000004, 'serviceclass.postfix', 'Service', 1000001, 4, 1, 0, 'data_loader', '2021-07-12 00:00:00', 'data_loader', '2021-07-12 00:00:00');

INSERT INTO ACCNT (ACCNT_ID, ACCOUNT_NAME, PASSWORD, VERSION, IS_DELETED, CREATED_BY, CREATED_AT, UPDATED_BY, UPDATED_AT) VALUES (1000001, 'root', 'password', 1, 0, 'data_loader', '2021-07-12 00:00:00', 'data_loader', '2021-07-12 00:00:00');
INSERT INTO ACCNT (ACCNT_ID, ACCOUNT_NAME, PASSWORD, VERSION, IS_DELETED, CREATED_BY, CREATED_AT, UPDATED_BY, UPDATED_AT) VALUES (1000002, 'guest', 'password', 1, 0, 'data_loader', '2021-07-12 00:00:00', 'data_loader', '2021-07-12 00:00:00');

INSERT INTO SCR(SCR_ID, SCR_NAME, VERSION, IS_DELETED, CREATED_BY, CREATED_AT, UPDATED_BY, UPDATED_AT) VALUES (1000001, 'DB構成取得', 1, 0, 'data_loader', '2023-09-09 00:00:00', 'data_loader', '2023-09-09 00:00:00');
INSERT INTO SCR(SCR_ID, SCR_NAME, VERSION, IS_DELETED, CREATED_BY, CREATED_AT, UPDATED_BY, UPDATED_AT) VALUES (1000002, 'DB構成更新', 1, 0, 'data_loader', '2023-09-09 00:00:00', 'data_loader', '2023-09-09 00:00:00');
INSERT INTO SCR(SCR_ID, SCR_NAME, VERSION, IS_DELETED, CREATED_BY, CREATED_AT, UPDATED_BY, UPDATED_AT) VALUES (1000003, 'メール取得', 1, 0, 'data_loader', '2023-09-09 00:00:00', 'data_loader', '2023-09-09 00:00:00');
INSERT INTO SCR(SCR_ID, SCR_NAME, VERSION, IS_DELETED, CREATED_BY, CREATED_AT, UPDATED_BY, UPDATED_AT) VALUES (1000004, 'テキスト圧縮', 1, 0, 'data_loader', '2023-09-09 00:00:00', 'data_loader', '2023-09-09 00:00:00');
INSERT INTO SCR(SCR_ID, SCR_NAME, VERSION, IS_DELETED, CREATED_BY, CREATED_AT, UPDATED_BY, UPDATED_AT) VALUES (1000005, 'テキスト解凍', 1, 0, 'data_loader', '2023-09-09 00:00:00', 'data_loader', '2023-09-09 00:00:00');

INSERT INTO SCR_ELM (SCR_ELM_ID, SERVICE_NAME, ADAPTER, PREPARE_INPUT, SCR_ID, ORD_IN_GRP, VERSION, IS_DELETED, CREATED_BY, CREATED_AT, UPDATED_BY, UPDATED_AT) VALUES (1000001, 'com.remainz.common.service.dbmng.common.GetTableNameListService', '', '', 1000001, 1, 1, 0, 'data_loader', '2023-09-09 00:00:00', 'data_loader', '2023-09-09 00:00:00');
INSERT INTO SCR_ELM (SCR_ELM_ID, SERVICE_NAME, ADAPTER, PREPARE_INPUT, SCR_ID, ORD_IN_GRP, VERSION, IS_DELETED, CREATED_BY, CREATED_AT, UPDATED_BY, UPDATED_AT) VALUES (1000002, 'com.remainz.common.service.dbmng.common.GetAllTableDefService', '', '', 1000001, 2, 1, 0, 'data_loader', '2023-09-09 00:00:00', 'data_loader', '2023-09-09 00:00:00');
INSERT INTO SCR_ELM (SCR_ELM_ID, SERVICE_NAME, ADAPTER, PREPARE_INPUT, SCR_ID, ORD_IN_GRP, VERSION, IS_DELETED, CREATED_BY, CREATED_AT, UPDATED_BY, UPDATED_AT) VALUES (1000003, 'com.remainz.common.service.dbmng.common.GetAllTableDropSqlService', '', '', 1000001, 3, 1, 0, 'data_loader', '2023-09-09 00:00:00', 'data_loader', '2023-09-09 00:00:00');
INSERT INTO SCR_ELM (SCR_ELM_ID, SERVICE_NAME, ADAPTER, PREPARE_INPUT, SCR_ID, ORD_IN_GRP, VERSION, IS_DELETED, CREATED_BY, CREATED_AT, UPDATED_BY, UPDATED_AT) VALUES (1000004, 'com.remainz.common.service.dbmng.common.GetAllTableCreateSqlService', '', '', 1000001, 4, 1, 0, 'data_loader', '2023-09-09 00:00:00', 'data_loader', '2023-09-09 00:00:00');
INSERT INTO SCR_ELM (SCR_ELM_ID, SERVICE_NAME, ADAPTER, PREPARE_INPUT, SCR_ID, ORD_IN_GRP, VERSION, IS_DELETED, CREATED_BY, CREATED_AT, UPDATED_BY, UPDATED_AT) VALUES (1000005, 'com.remainz.common.service.dbmng.common.GetAllTableSelectSqlService', '', '', 1000001, 5, 1, 0, 'data_loader', '2023-09-09 00:00:00', 'data_loader', '2023-09-09 00:00:00');
INSERT INTO SCR_ELM (SCR_ELM_ID, SERVICE_NAME, ADAPTER, PREPARE_INPUT, SCR_ID, ORD_IN_GRP, VERSION, IS_DELETED, CREATED_BY, CREATED_AT, UPDATED_BY, UPDATED_AT) VALUES (1000006, 'com.remainz.common.service.dbmng.common.GetAllTableDataService', '', '', 1000001, 6, 1, 0, 'data_loader', '2023-09-09 00:00:00', 'data_loader', '2023-09-09 00:00:00');
INSERT INTO SCR_ELM (SCR_ELM_ID, SERVICE_NAME, ADAPTER, PREPARE_INPUT, SCR_ID, ORD_IN_GRP, VERSION, IS_DELETED, CREATED_BY, CREATED_AT, UPDATED_BY, UPDATED_AT) VALUES (1000007, 'com.remainz.common.service.dbmng.common.GetAllTableInsertSqlService', '', '', 1000001, 7, 1, 0, 'data_loader', '2023-09-09 00:00:00', 'data_loader', '2023-09-09 00:00:00');
INSERT INTO SCR_ELM (SCR_ELM_ID, SERVICE_NAME, ADAPTER, PREPARE_INPUT, SCR_ID, ORD_IN_GRP, VERSION, IS_DELETED, CREATED_BY, CREATED_AT, UPDATED_BY, UPDATED_AT) VALUES (1000011, 'com.remainz.common.service.dbmng.common.UpdateSqlByDefService', '', '', 1000002, 1, 1, 0, 'data_loader', '2023-09-09 00:00:00', 'data_loader', '2023-09-09 00:00:00');
INSERT INTO SCR_ELM (SCR_ELM_ID, SERVICE_NAME, ADAPTER, PREPARE_INPUT, SCR_ID, ORD_IN_GRP, VERSION, IS_DELETED, CREATED_BY, CREATED_AT, UPDATED_BY, UPDATED_AT) VALUES (1000012, 'com.remainz.common.service.dbmng.common.UpdateSqlByDataService', '', '', 1000002, 2, 1, 0, 'data_loader', '2023-09-09 00:00:00', 'data_loader', '2023-09-09 00:00:00');
INSERT INTO SCR_ELM (SCR_ELM_ID, SERVICE_NAME, ADAPTER, PREPARE_INPUT, SCR_ID, ORD_IN_GRP, VERSION, IS_DELETED, CREATED_BY, CREATED_AT, UPDATED_BY, UPDATED_AT) VALUES (1000013, 'com.remainz.common.service.dbmng.common.UpdateAllTableService', '', '', 1000002, 3, 1, 0, 'data_loader', '2023-09-09 00:00:00', 'data_loader', '2023-09-09 00:00:00');
INSERT INTO SCR_ELM (SCR_ELM_ID, SERVICE_NAME, ADAPTER, PREPARE_INPUT, SCR_ID, ORD_IN_GRP, VERSION, IS_DELETED, CREATED_BY, CREATED_AT, UPDATED_BY, UPDATED_AT) VALUES (1000014, 'ServiceClassName', '', '', 1000003, 4, 1, 0, 'data_loader', '2023-09-09 00:00:00', 'data_loader', '2023-09-09 00:00:00');
INSERT INTO SCR_ELM (SCR_ELM_ID, SERVICE_NAME, ADAPTER, PREPARE_INPUT, SCR_ID, ORD_IN_GRP, VERSION, IS_DELETED, CREATED_BY, CREATED_AT, UPDATED_BY, UPDATED_AT) VALUES (1000015, 'ServiceClassName', '', '', 1000003, 5, 1, 0, 'data_loader', '2023-09-09 00:00:00', 'data_loader', '2023-09-09 00:00:00');
INSERT INTO SCR_ELM (SCR_ELM_ID, SERVICE_NAME, ADAPTER, PREPARE_INPUT, SCR_ID, ORD_IN_GRP, VERSION, IS_DELETED, CREATED_BY, CREATED_AT, UPDATED_BY, UPDATED_AT) VALUES (1000016, 'ServiceClassName', '', '', 1000003, 6, 1, 0, 'data_loader', '2023-09-09 00:00:00', 'data_loader', '2023-09-09 00:00:00');
INSERT INTO SCR_ELM (SCR_ELM_ID, SERVICE_NAME, ADAPTER, PREPARE_INPUT, SCR_ID, ORD_IN_GRP, VERSION, IS_DELETED, CREATED_BY, CREATED_AT, UPDATED_BY, UPDATED_AT) VALUES (1000017, 'ServiceClassName', '', '', 1000003, 7, 1, 0, 'data_loader', '2023-09-09 00:00:00', 'data_loader', '2023-09-09 00:00:00');
INSERT INTO SCR_ELM (SCR_ELM_ID, SERVICE_NAME, ADAPTER, PREPARE_INPUT, SCR_ID, ORD_IN_GRP, VERSION, IS_DELETED, CREATED_BY, CREATED_AT, UPDATED_BY, UPDATED_AT) VALUES (1000018, 'ServiceClassName', '', '', 1000003, 8, 1, 0, 'data_loader', '2023-09-09 00:00:00', 'data_loader', '2023-09-09 00:00:00');
INSERT INTO SCR_ELM (SCR_ELM_ID, SERVICE_NAME, ADAPTER, PREPARE_INPUT, SCR_ID, ORD_IN_GRP, VERSION, IS_DELETED, CREATED_BY, CREATED_AT, UPDATED_BY, UPDATED_AT) VALUES (1000019, 'ServiceClassName', '', '', 1000003, 9, 1, 0, 'data_loader', '2023-09-09 00:00:00', 'data_loader', '2023-09-09 00:00:00');
INSERT INTO SCR_ELM (SCR_ELM_ID, SERVICE_NAME, ADAPTER, PREPARE_INPUT, SCR_ID, ORD_IN_GRP, VERSION, IS_DELETED, CREATED_BY, CREATED_AT, UPDATED_BY, UPDATED_AT) VALUES (1000021, 'com.remainz.common.service.mail.GetAllMailService', '', '', 1000003, 1, 1, 0, 'data_loader', '2023-09-09 00:00:00', 'data_loader', '2023-09-09 00:00:00');
INSERT INTO SCR_ELM (SCR_ELM_ID, SERVICE_NAME, ADAPTER, PREPARE_INPUT, SCR_ID, ORD_IN_GRP, VERSION, IS_DELETED, CREATED_BY, CREATED_AT, UPDATED_BY, UPDATED_AT) VALUES (1000022, 'com.remainz.common.service.encrypt.ZipService', '', '', 1000004, 1, 1, 0, 'data_loader', '2023-09-09 00:00:00', 'data_loader', '2023-09-09 00:00:00');
INSERT INTO SCR_ELM (SCR_ELM_ID, SERVICE_NAME, ADAPTER, PREPARE_INPUT, SCR_ID, ORD_IN_GRP, VERSION, IS_DELETED, CREATED_BY, CREATED_AT, UPDATED_BY, UPDATED_AT) VALUES (1000023, 'com.remainz.common.service.encrypt.UnzipService', '', '', 1000005, 1, 1, 0, 'data_loader', '2023-09-09 00:00:00', 'data_loader', '2023-09-09 00:00:00');

SELECT A.GNR_GRP_NAME, B.GNR_KEY_VAL_ID, B.GNR_KEY, B.GNR_VAL, B.ORD_IN_GRP FROM GNR_GRP A, GNR_KEY_VAL B WHERE A.GNR_GRP_ID = 1000001 AND A.GNR_GRP_ID = B.GNR_GRP_ID ORDER BY B.ORD_IN_GRP;
SELECT ACCNT_ID, ACCOUNT_NAME, PASSWORD, VERSION, IS_DELETED, CREATED_BY, CREATED_AT, UPDATED_BY, UPDATED_AT FROM ACCNT WHERE ACCNT_ID = 1000001;
SELECT A.SCR_NAME, B.SCR_ELM_ID, B.SERVICE_NAME, ORD_IN_GRP FROM SCR A, SCR_ELM B WHERE A.SCR_ID = 1000001 AND A.SCR_ID = B.SCR_ID ORDER BY B.ORD_IN_GRP;
