USE JLDB;

SET GLOBAL local_infile = true;
SHOW GLOBAL VARIABLES LIKE 'local_infile';

INSERT INTO MGNRGRP (MGNRGRP_ID, GNR_GRP_NAME, VERSION, DEL_FLG, CREATE_USER, CREATE_DATE, UPDATE_USER, UPDATE_DATE) VALUES (1000001, 'URI analyze settings', 1, 0, 'data_loader', '2021-07-12 00:00:00', 'data_loader', '2021-07-12 00:00:00');

INSERT INTO MGNRKEYVAL (MGNRKEYVAL_ID, GNR_KEY, GNR_VAL, MGNRGRP_ID, ORD_IN_GRP, VERSION, DEL_FLG, CREATE_USER, CREATE_DATE, UPDATE_USER, UPDATE_DATE) VALUES (1000001, 'urlpattern.exclude.prefix', 'jw/', 1000001, 1, 1, 0, 'data_loader', '2021-07-12 00:00:00', 'data_loader', '2021-07-12 00:00:00');
INSERT INTO MGNRKEYVAL (MGNRKEYVAL_ID, GNR_KEY, GNR_VAL, MGNRGRP_ID, ORD_IN_GRP, VERSION, DEL_FLG, CREATE_USER, CREATE_DATE, UPDATE_USER, UPDATE_DATE) VALUES (1000002, 'urlpattern.exclude.postfix', '.html', 1000001, 2, 1, 0, 'data_loader', '2021-07-12 00:00:00', 'data_loader', '2021-07-12 00:00:00');
INSERT INTO MGNRKEYVAL (MGNRKEYVAL_ID, GNR_KEY, GNR_VAL, MGNRGRP_ID, ORD_IN_GRP, VERSION, DEL_FLG, CREATE_USER, CREATE_DATE, UPDATE_USER, UPDATE_DATE) VALUES (1000003, 'serviceclass.prefix', 'com.remainz.web.service.', 1000001, 3, 1, 0, 'data_loader', '2021-07-12 00:00:00', 'data_loader', '2021-07-12 00:00:00');
INSERT INTO MGNRKEYVAL (MGNRKEYVAL_ID, GNR_KEY, GNR_VAL, MGNRGRP_ID, ORD_IN_GRP, VERSION, DEL_FLG, CREATE_USER, CREATE_DATE, UPDATE_USER, UPDATE_DATE) VALUES (1000004, 'serviceclass.postfix', 'Service', 1000001, 4, 1, 0, 'data_loader', '2021-07-12 00:00:00', 'data_loader', '2021-07-12 00:00:00');

INSERT INTO TACCOUNT (TACCOUNT_ID, ACCOUNT_NAME, PASSWORD, VERSION, DEL_FLG, CREATE_USER, CREATE_DATE, UPDATE_USER, UPDATE_DATE) VALUES (1000001, 'root', 'password', 1, 0, 'data_loader', '2021-07-12 00:00:00', 'data_loader', '2021-07-12 00:00:00');
INSERT INTO TACCOUNT (TACCOUNT_ID, ACCOUNT_NAME, PASSWORD, VERSION, DEL_FLG, CREATE_USER, CREATE_DATE, UPDATE_USER, UPDATE_DATE) VALUES (1000002, 'guest', 'password', 1, 0, 'data_loader', '2021-07-12 00:00:00', 'data_loader', '2021-07-12 00:00:00');

INSERT INTO TSCR(TSCR_ID, SCR_NAME, VERSION, DEL_FLG, CREATE_USER, CREATE_DATE, UPDATE_USER, UPDATE_DATE) VALUES (1000001, 'DB構成取得', 1, 0, 'data_loader', '2023-09-09 00:00:00', 'data_loader', '2023-09-09 00:00:00');
INSERT INTO TSCR(TSCR_ID, SCR_NAME, VERSION, DEL_FLG, CREATE_USER, CREATE_DATE, UPDATE_USER, UPDATE_DATE) VALUES (1000002, 'DB構成更新', 1, 0, 'data_loader', '2023-09-09 00:00:00', 'data_loader', '2023-09-09 00:00:00');
INSERT INTO TSCR(TSCR_ID, SCR_NAME, VERSION, DEL_FLG, CREATE_USER, CREATE_DATE, UPDATE_USER, UPDATE_DATE) VALUES (1000003, 'メール取得', 1, 0, 'data_loader', '2023-09-09 00:00:00', 'data_loader', '2023-09-09 00:00:00');
INSERT INTO TSCR(TSCR_ID, SCR_NAME, VERSION, DEL_FLG, CREATE_USER, CREATE_DATE, UPDATE_USER, UPDATE_DATE) VALUES (1000004, 'テキスト圧縮', 1, 0, 'data_loader', '2023-09-09 00:00:00', 'data_loader', '2023-09-09 00:00:00');
INSERT INTO TSCR(TSCR_ID, SCR_NAME, VERSION, DEL_FLG, CREATE_USER, CREATE_DATE, UPDATE_USER, UPDATE_DATE) VALUES (1000005, 'テキスト解凍', 1, 0, 'data_loader', '2023-09-09 00:00:00', 'data_loader', '2023-09-09 00:00:00');

INSERT INTO TSCRELM (TSCRELM_ID, SERVICE_NAME, ADAPTER, PREPARE_INPUT, TSCR_ID, ORD_IN_GRP, VERSION, DEL_FLG, CREATE_USER, CREATE_DATE, UPDATE_USER, UPDATE_DATE) VALUES (1000001, 'com.remainz.common.service.dbmng.common.GetTableNameListService', '', '', 1000001, 1, 1, 0, 'data_loader', '2023-09-09 00:00:00', 'data_loader', '2023-09-09 00:00:00');
INSERT INTO TSCRELM (TSCRELM_ID, SERVICE_NAME, ADAPTER, PREPARE_INPUT, TSCR_ID, ORD_IN_GRP, VERSION, DEL_FLG, CREATE_USER, CREATE_DATE, UPDATE_USER, UPDATE_DATE) VALUES (1000002, 'com.remainz.common.service.dbmng.common.GetAllTableDefService', '', '', 1000001, 2, 1, 0, 'data_loader', '2023-09-09 00:00:00', 'data_loader', '2023-09-09 00:00:00');
INSERT INTO TSCRELM (TSCRELM_ID, SERVICE_NAME, ADAPTER, PREPARE_INPUT, TSCR_ID, ORD_IN_GRP, VERSION, DEL_FLG, CREATE_USER, CREATE_DATE, UPDATE_USER, UPDATE_DATE) VALUES (1000003, 'com.remainz.common.service.dbmng.common.GetAllTableDropSqlService', '', '', 1000001, 3, 1, 0, 'data_loader', '2023-09-09 00:00:00', 'data_loader', '2023-09-09 00:00:00');
INSERT INTO TSCRELM (TSCRELM_ID, SERVICE_NAME, ADAPTER, PREPARE_INPUT, TSCR_ID, ORD_IN_GRP, VERSION, DEL_FLG, CREATE_USER, CREATE_DATE, UPDATE_USER, UPDATE_DATE) VALUES (1000004, 'com.remainz.common.service.dbmng.common.GetAllTableCreateSqlService', '', '', 1000001, 4, 1, 0, 'data_loader', '2023-09-09 00:00:00', 'data_loader', '2023-09-09 00:00:00');
INSERT INTO TSCRELM (TSCRELM_ID, SERVICE_NAME, ADAPTER, PREPARE_INPUT, TSCR_ID, ORD_IN_GRP, VERSION, DEL_FLG, CREATE_USER, CREATE_DATE, UPDATE_USER, UPDATE_DATE) VALUES (1000005, 'com.remainz.common.service.dbmng.common.GetAllTableSelectSqlService', '', '', 1000001, 5, 1, 0, 'data_loader', '2023-09-09 00:00:00', 'data_loader', '2023-09-09 00:00:00');
INSERT INTO TSCRELM (TSCRELM_ID, SERVICE_NAME, ADAPTER, PREPARE_INPUT, TSCR_ID, ORD_IN_GRP, VERSION, DEL_FLG, CREATE_USER, CREATE_DATE, UPDATE_USER, UPDATE_DATE) VALUES (1000006, 'com.remainz.common.service.dbmng.common.GetAllTableDataService', '', '', 1000001, 6, 1, 0, 'data_loader', '2023-09-09 00:00:00', 'data_loader', '2023-09-09 00:00:00');
INSERT INTO TSCRELM (TSCRELM_ID, SERVICE_NAME, ADAPTER, PREPARE_INPUT, TSCR_ID, ORD_IN_GRP, VERSION, DEL_FLG, CREATE_USER, CREATE_DATE, UPDATE_USER, UPDATE_DATE) VALUES (1000007, 'com.remainz.common.service.dbmng.common.GetAllTableInsertSqlService', '', '', 1000001, 7, 1, 0, 'data_loader', '2023-09-09 00:00:00', 'data_loader', '2023-09-09 00:00:00');
INSERT INTO TSCRELM (TSCRELM_ID, SERVICE_NAME, ADAPTER, PREPARE_INPUT, TSCR_ID, ORD_IN_GRP, VERSION, DEL_FLG, CREATE_USER, CREATE_DATE, UPDATE_USER, UPDATE_DATE) VALUES (1000011, 'ServiceClassName', '', '', 1000002, 1, 1, 0, 'data_loader', '2023-09-09 00:00:00', 'data_loader', '2023-09-09 00:00:00');
INSERT INTO TSCRELM (TSCRELM_ID, SERVICE_NAME, ADAPTER, PREPARE_INPUT, TSCR_ID, ORD_IN_GRP, VERSION, DEL_FLG, CREATE_USER, CREATE_DATE, UPDATE_USER, UPDATE_DATE) VALUES (1000012, 'ServiceClassName', '', '', 1000002, 2, 1, 0, 'data_loader', '2023-09-09 00:00:00', 'data_loader', '2023-09-09 00:00:00');
INSERT INTO TSCRELM (TSCRELM_ID, SERVICE_NAME, ADAPTER, PREPARE_INPUT, TSCR_ID, ORD_IN_GRP, VERSION, DEL_FLG, CREATE_USER, CREATE_DATE, UPDATE_USER, UPDATE_DATE) VALUES (1000013, 'ServiceClassName', '', '', 1000002, 3, 1, 0, 'data_loader', '2023-09-09 00:00:00', 'data_loader', '2023-09-09 00:00:00');
INSERT INTO TSCRELM (TSCRELM_ID, SERVICE_NAME, ADAPTER, PREPARE_INPUT, TSCR_ID, ORD_IN_GRP, VERSION, DEL_FLG, CREATE_USER, CREATE_DATE, UPDATE_USER, UPDATE_DATE) VALUES (1000014, 'ServiceClassName', '', '', 1000002, 4, 1, 0, 'data_loader', '2023-09-09 00:00:00', 'data_loader', '2023-09-09 00:00:00');
INSERT INTO TSCRELM (TSCRELM_ID, SERVICE_NAME, ADAPTER, PREPARE_INPUT, TSCR_ID, ORD_IN_GRP, VERSION, DEL_FLG, CREATE_USER, CREATE_DATE, UPDATE_USER, UPDATE_DATE) VALUES (1000015, 'ServiceClassName', '', '', 1000002, 5, 1, 0, 'data_loader', '2023-09-09 00:00:00', 'data_loader', '2023-09-09 00:00:00');
INSERT INTO TSCRELM (TSCRELM_ID, SERVICE_NAME, ADAPTER, PREPARE_INPUT, TSCR_ID, ORD_IN_GRP, VERSION, DEL_FLG, CREATE_USER, CREATE_DATE, UPDATE_USER, UPDATE_DATE) VALUES (1000016, 'ServiceClassName', '', '', 1000002, 6, 1, 0, 'data_loader', '2023-09-09 00:00:00', 'data_loader', '2023-09-09 00:00:00');
INSERT INTO TSCRELM (TSCRELM_ID, SERVICE_NAME, ADAPTER, PREPARE_INPUT, TSCR_ID, ORD_IN_GRP, VERSION, DEL_FLG, CREATE_USER, CREATE_DATE, UPDATE_USER, UPDATE_DATE) VALUES (1000017, 'ServiceClassName', '', '', 1000002, 7, 1, 0, 'data_loader', '2023-09-09 00:00:00', 'data_loader', '2023-09-09 00:00:00');
INSERT INTO TSCRELM (TSCRELM_ID, SERVICE_NAME, ADAPTER, PREPARE_INPUT, TSCR_ID, ORD_IN_GRP, VERSION, DEL_FLG, CREATE_USER, CREATE_DATE, UPDATE_USER, UPDATE_DATE) VALUES (1000018, 'ServiceClassName', '', '', 1000002, 8, 1, 0, 'data_loader', '2023-09-09 00:00:00', 'data_loader', '2023-09-09 00:00:00');
INSERT INTO TSCRELM (TSCRELM_ID, SERVICE_NAME, ADAPTER, PREPARE_INPUT, TSCR_ID, ORD_IN_GRP, VERSION, DEL_FLG, CREATE_USER, CREATE_DATE, UPDATE_USER, UPDATE_DATE) VALUES (1000019, 'ServiceClassName', '', '', 1000002, 9, 1, 0, 'data_loader', '2023-09-09 00:00:00', 'data_loader', '2023-09-09 00:00:00');
INSERT INTO TSCRELM (TSCRELM_ID, SERVICE_NAME, ADAPTER, PREPARE_INPUT, TSCR_ID, ORD_IN_GRP, VERSION, DEL_FLG, CREATE_USER, CREATE_DATE, UPDATE_USER, UPDATE_DATE) VALUES (1000021, 'com.remainz.common.service.mail.GetAllMailService', '', '', 1000003, 1, 1, 0, 'data_loader', '2023-09-09 00:00:00', 'data_loader', '2023-09-09 00:00:00');
INSERT INTO TSCRELM (TSCRELM_ID, SERVICE_NAME, ADAPTER, PREPARE_INPUT, TSCR_ID, ORD_IN_GRP, VERSION, DEL_FLG, CREATE_USER, CREATE_DATE, UPDATE_USER, UPDATE_DATE) VALUES (1000022, 'com.remainz.common.service.encrypt.ZipService', '', '', 1000004, 1, 1, 0, 'data_loader', '2023-09-09 00:00:00', 'data_loader', '2023-09-09 00:00:00');
INSERT INTO TSCRELM (TSCRELM_ID, SERVICE_NAME, ADAPTER, PREPARE_INPUT, TSCR_ID, ORD_IN_GRP, VERSION, DEL_FLG, CREATE_USER, CREATE_DATE, UPDATE_USER, UPDATE_DATE) VALUES (1000023, 'com.remainz.common.service.encrypt.UnzipService', '', '', 1000005, 1, 1, 0, 'data_loader', '2023-09-09 00:00:00', 'data_loader', '2023-09-09 00:00:00');

SELECT A.GNR_GRP_NAME, B.MGNRKEYVAL_ID, B.GNR_KEY, B.GNR_VAL, B.ORD_IN_GRP FROM MGNRGRP A, MGNRKEYVAL B WHERE A.MGNRGRP_ID = 1000001 AND A.MGNRGRP_ID = B.MGNRGRP_ID ORDER BY B.ORD_IN_GRP;
SELECT TACCOUNT_ID, ACCOUNT_NAME, PASSWORD, VERSION, DEL_FLG, CREATE_USER, CREATE_DATE, UPDATE_USER, UPDATE_DATE FROM TACCOUNT WHERE TACCOUNT_ID = 1000001;
SELECT A.SCR_NAME, B.TSCRELM_ID, B.SERVICE_NAME, ORD_IN_GRP FROM TSCR A, TSCRELM B WHERE A.TSCR_ID = 1000001 AND A.TSCR_ID = B.TSCR_ID ORDER BY B.ORD_IN_GRP;
-- SELECT TDICTITEM_ID, JP, CAMEL, ABBREVIATION, LOWER_CAMEL, UPPER_TRAIN, LOWER_TRAIN, VERSION, DEL_FLG, CREATE_USER, CREATE_DATE, UPDATE_USER, UPDATE_DATE FROM TDICTITEM WHERE TDICTITEM_ID = 1;
